{ "title": "Groundhog Day", "genre": [ {"genre_name": "Comedy"} ], "rating": [{ "rating_name": "PG", "rating_description": "Parental Guidance suggested. Some material may not be suitable for children." }], "release_date": "01/22/2002", "theatre_release_date": "01/22/2001", "quantity_on_hand": "9", "quantity_on_rent": "0", "quantity_lost": "1" }
{ "title": "The Terminal", "genre": [ {"genre_name": "Drama"} ], "rating": [{ "rating_name": "PG", "rating_description": "Parental Guidance suggested. Some material may not be suitable for children." }], "release_date": "11/23/2003", "theatre_release_date": "01/22/2003", "quantity_on_hand": "9", "quantity_on_rent": "1", "quantity_lost": "0" }
{ "title": "Catch Me If You Can", "genre": [ {"genre_name": "Drama"} ], "rating": [{ "rating_name": "PG-13", "rating_description": "Parent strongly cautioned. Some material may be inappropriate for children under 13." }], "release_date": "05/06/2003", "theatre_release_date": "01/04/2002", "quantity_on_hand": "10", "quantity_on_rent": "0", "quantity_lost": "0" }
{ "title": "The Sixth Sense", "genre": [ {"genre_name": "Horror"} ], "rating": [{ "rating_name": "R", "rating_description": "Restricted. Under 17 requires accompanying parent or adult guardian." }], "release_date": "03/28/2000", "theatre_release_date": "05/01/1999", "quantity_on_hand": "9", "quantity_on_rent": "1", "quantity_lost": "0" }
{ "title": "Pale Rider", "genre": [ {"genre_name": "Western"} ], "rating": [{ "rating_name": "R", "rating_description": "Restricted. Under 17 requires accompanying parent or adult guardian." }], "release_date": "11/19/1997", "theatre_release_date": "11/15/1985", "quantity_on_hand": "0", "quantity_on_rent": "1", "quantity_lost": "0" }
{ "title": "Mystic River", "genre": [ {"genre_name": "Drama"} ], "rating": [{ "rating_name": "R", "rating_description": "Restricted. Under 17 requires accompanying parent or adult guardian." }], "release_date": "01/08/2004", "theatre_release_date": "05/08/2003", "quantity_on_hand": "10", "quantity_on_rent": "0", "quantity_lost": "0" }
{ "title": "Never Say Never Again", "genre": [ {"genre_name": "Action"} ], "rating": [{ "rating_name": "G", "rating_description": "General Audiences. All ages admitted." }], "release_date": "10/17/2000", "theatre_release_date": "05/08/1983", "quantity_on_hand": "10", "quantity_on_rent": "0", "quantity_lost": "0" }