{ "first_name": "Will", "last_name": "Smith", "initial": "WS", "address": [{ "member_address": "101 Will Street", "zipcode": "94203", "state": "California", "city": "Sacramento" }], "phone": "", "email": "will.smith@mib.com", "password": "W1ll1m!", "membership": [{ "type": "3 DVDs at-a-time", "limit_per_month": "99", "monthly_price": "17.99", "monthly_tax":  "1.79", "lost_price": "25" }], "payment": [{ "amount_paid" : "19.78", "amount_paid_date" : "02/01/2019", "amount_paid_until_date": "03/01/2019" }, { "amount_paid" : "25", "amount_paid_date" : "02/21/2019", "amount_paid_until_date": "03/01/2019" }], "member_since_date": "02/01/2019" }
{ "first_name": "John", "last_name": "Gore", "initial": "JG", "address": [{"member_address": "45 5th Ave", "zipcode": "08628", "state": "New Jersey", "city": "Ewing"}], "phone": "", "email": "john45@yahoo.com", "password": "J0HnGoRe", "membership": [{ "type": "3 DVDs at-a-time", "limit_per_month": "99", "monthly_price": "17.99", "monthly_tax":  "1.79", "lost_price": "25" }], "payment": [{ "amount_paid" : "19.78", "amount_paid_date" : "02/02/2019", "amount_paid_until_date": "03/02/2019" }], "member_since_date": "02/02/2019" }
{ "first_name": "Mike", "last_name": "Sawicki", "initial": "MS", "address": [{ "member_address": "10 Penn Blvd", "zipcode": "10001", "state": "New York","city": "New York" }], "phone": "", "email": "mikesawicki@aol.com", "password": "Saw13ki", "membership": [{ "type": "2 DVDs at-a-time", "limit_per_month": "4", "monthly_price": "11.99", "monthly_tax":  "1.19", "lost_price": "25" }], "payment": [{ "amount_paid" : "13.18", "amount_paid_date" : "02/09/2019", "amount_paid_until_date": "03/09/2019" }], "member_since_date": "02/09/2019" }
{ "first_name": "Ramesh", "last_name": "Mandadi", "initial": "RM", "address": [{"member_address": "9 Avelon Apt", "zipcode": "32035", "state": "Florida", "city": "Palm Coast" }], "phone": "", "email": "ramesh1@yahoo.com", "password": "Ram3sh", "membership": [{ "type": "3 DVDs at-a-time", "limit_per_month": "99", "monthly_price": "17.99", "monthly_tax":  "1.79", "lost_price": "25" }], "payment": [{ "amount_paid" : "19.98", "amount_paid_date" : "02/11/2019", "amount_paid_until_date": "03/11/2019" }], "member_since_date": "02/11/2019"}
{ "first_name": "Frank", "last_name": "Cruthers", "initial": "FC", "address": [{ "member_address": "1129 Jackson Rd", "zipcode": "17100", "state": "Pennsylvania", "city": "Harrisburg" }], "phone": "", "email": "franky@aol.com", "password": "qW1est", "membership": [{ "type": "2 DVDs at-a-time", "limit_per_month": "4", "monthly_price": "11.99", "monthly_tax":  "1.19", "lost_price": "25" }], "payment": [{ "amount_paid" : "13.18", "amount_paid_date" : "02/12/2019", "amount_paid_until_date": "03/12/2019" }], "member_since_date": "02/12/2019" }
{ "first_name": "Rich", "last_name": "Sentveld", "initial": "RS", "address": [{"member_address": "1001 Plainsboro Rd", "zipcode": "17400", "state": "Pennsylvania", "city": "York"}], "phone": "", "email": "richard@aol.com", "password": "R1chArd", "membership": [{ "type": "3 DVDs at-a-time", "limit_per_month": "99", "monthly_price": "17.99", "monthly_tax":  "1.79", "lost_price": "25" }], "payment": [{ "amount_paid" : "19.78", "amount_paid_date" : "02/12/2019", "amount_paid_until_date": "03/12/2019" }], "member_since_date": "02/12/2019" }
{ "first_name": "George", "last_name": "Lemon", "initial": "GL", "address": [{"member_address": "29456 Upper Ferry Rd", "zipcode": "32099", "state": "Florida", "city": "Jacksonville"}], "phone": "", "email": "glemon@aol.com", "password": "ImG3m0n", "membership": [{ "type": "2 DVDs at-a-time", "limit_per_month": "4", "monthly_price": "11.99", "monthly_tax":  "1.19", "lost_price": "25" }], "payment": [{ "amount_paid" : "13.18", "amount_paid_date" : "02/14/2019", "amount_paid_until_date": "03/14/2019" }], "member_since_date": "02/14/2019" }
{ "first_name": "Haby", "last_name": "Tanjung", "initial": "HT", "address": [{"member_address": "5 River Rd", "zipcode": "30029", "state": "Georgia", "city": "Atlanta"}], "phone": "", "email": "ht@hasby.com", "password": "T1c00l", "membership": [{ "type": "3 DVDs at-a-time", "limit_per_month": "99", "monthly_price": "17.99", "monthly_tax":  "1.79", "lost_price": "25" }], "payment": [{ "amount_paid" : "19.78", "amount_paid_date" : "02/15/2019", "amount_paid_until_date": "03/15/2019" }], "member_since_date": "02/15/2019" }
{ "first_name": "Cathy", "last_name": "Carol", "initial": "CC", "address": [{"member_address": "59 Eaton Town", "zipcode": "30673", "state": "Georgia", "city": "Washington"}], "phone": "", "email": "carol@hotmail.com", "password": "C9thC3ty", "membership": [{"type": "2 DVDs at-a-time", "limit_per_month": "4", "monthly_price": "11.99", "monthly_tax":  "1.19", "lost_price": "25" }], "payment": [{ "amount_paid" : "13.18", "amount_paid_date" : "02/15/2019", "amount_paid_until_date": "03/15/2019" }], "member_since_date": "02/15/2019" }
{ "first_name": "Marji", "last_name": "Keho", "initial": "MK", "address": [{"member_address": "2365 Merci Blvd", "zipcode": "73301", "state": "Texas", "city": "Austin" }], "phone": "", "email": "marji.keho@merci.com", "password": "M1rjii", "membership": [{ "type": "3 DVDs at-a-time", "limit_per_month": "99", "monthly_price": "17.99", "monthly_tax":  "1.79", "lost_price": "25" }], "payment": [{ "amount_paid" : "19.78", "amount_paid_date" : "02/19/2019", "amount_paid_until_date": "03/19/2019" }], "member_since_date": "02/19/2019" }
{ "first_name": "Clint", "last_name": "Eastwood", "initial": "CE", "address": [{"member_address": "90 Hill Rd", "zipcode": "19850", "state": "Delaware", "city": "Wilmington"}], "phone": "", "email": "eastwoodc@gmail.com", "password": "Clint12", "membership": [{ "type": "3 DVDs at-a-time", "limit_per_month": "99", "monthly_price": "17.99", "monthly_tax":  "1.79", "lost_price": "25" }], "payment": [{ "amount_paid" : "19.78", "amount_paid_date" : "02/19/2019", "amount_paid_until_date": "03/19/2019" }], "member_since_date": "02/19/2019" }
{ "first_name": "Bruce", "last_name": "Willis", "initial": "BW", "address": [{"member_address": "1740 Erford Rd", "zipcode": "50057", "state": "Iowa", "city": "Columbia"}], "phone": "", "email": "brucewillis@aol.com", "password": "YgDm3n", "membership": [{"type": "3 DVDs at-a-time", "limit_per_month": "99", "monthly_price": "17.99", "monthly_tax":  "1.79", "lost_price": "25" }], "payment": [{ "amount_paid" : "19.98", "amount_paid_date" : "02/21/2019", "amount_paid_until_date": "03/21/2019" }], "rental_queue": [{ "dvd_id": "5", "date_added_in_queue": "02/22/2019" }], "member_since_date": "02/21/2019" }
{ "first_name": "Yong", "last_name": "Lee", "initial": "YL", "address": [{"member_address": "1 Yong-Yong Park", "zipcode": "20658", "state": "Maryland", "city": "Marbury"}], "phone": "", "email": "yonglee@lee1.com", "password": "Y0ngY0ng", "membership": [{ "type": "3 DVDs at-a-time", "limit_per_month": "99", "monthly_price": "17.99", "monthly_tax":  "1.79", "lost_price": "25" }], "payment": [{ "amount_paid" : "19.78", "amount_paid_date" : "02/28/2019", "amount_paid_until_date": "03/28/2019" }], "member_since_date": "02/28/2019"}
{ "first_name": "Jerald", "last_name": "Parekh", "initial": "JP", "address": [{"member_address": "3434 Campus Rd", "zipcode": "90080", "state": "California", "city": "Los Angeles"}], "phone": "", "email": "jer9439@hotmail.com", "password": "C0sm0s", "membership": [{ "type": "2 DVDs at-a-time", "limit_per_month": "4", "monthly_price": "11.99", "monthly_tax":  "1.19", "lost_price": "25" }], "payment": [{ "amount_paid" : "13.18", "amount_paid_date" : "02/28/2019", "amount_paid_until_date": "03/29/2019" }], "member_since_date": "02/28/2019" }
{ "first_name": "Kristy", "last_name": "Hanifin", "initial": "KH", "address": [{"member_address": "67 Jackob Creek Rd", "zipcode": "90019", "state": "California", "city": "Los Angeles"}], "phone": "", "email": "kristine@aol.com", "password": "ImKr1sty", "membership": [{ "type": "3 DVDs at-a-time", "limit_per_month": "99", "monthly_price": "17.99", "monthly_tax":  "1.79", "lost_price": "25" }], "payment": [{ "amount_paid" : "19.78", "amount_paid_date" : "02/28/2019", "amount_paid_until_date": "03/29/2019" }], "member_since_date": "02/28/2019" }