{ "first_name": "Steven", "last_name": "Spielberg", "initial": "SS", "date_of_birth": "12/18/1946" }
{ "first_name": "Tom", "last_name": "Hanks", "initial": "TH", "date_of_birth": "07/09/1956" }
{ "first_name": "Leonardo", "last_name": "DiCaprio", "initial": "LD", "date_of_birth": "11/11/1974" }
{ "first_name": "Night", "last_name": "Shyamalan", "initial": "NS", "date_of_birth": "08/06/1970" }
{ "first_name": "Bruce", "last_name": "Willis", "initial": "BW", "date_of_birth": "03/19/1955" }
{ "first_name": "Catherine", "last_name": "Zeta-Zones", "initial": "CZ", "date_of_birth": "09/20/1969" }
{ "first_name": "Clint", "last_name": "Eastwood", "initial": "CE", "date_of_birth": "05/31/1930" }
{ "first_name": "Sean", "last_name": "Penn", "initial": "SP", "date_of_birth": "08/17/1960" }
{ "first_name": "Kevin", "last_name": "Bacon", "initial": "KB", "date_of_birth": "06/29/1958" }
{ "first_name": "Irvin", "last_name": "Kreshner", "initial": "IK", "date_of_birth": "04/29/1923" }
{ "first_name": "Sean", "last_name": "Connery", "initial": "SC", "date_of_birth": "09/25/1930" }
{ "first_name": "Kim", "last_name": "Basinger", "initial": "SC", "date_of_birth": "12/08/1953" }