{ "member_id": {"$oid": ""},"dvd_id": {"$oid": ""},"rental_request_date": "02/20/19", "rental_shipped_date": "02/20/19", "rental_returned_date": "" }
{ "member_id": {"$oid": ""},"dvd_id": {"$oid": ""}, "rental_request_date": "02/02/19", "rental_shipped_date": "02/02/19", "rental_returned_date": "02/09/19" }
{ "member_id": {"$oid": ""},"dvd_id": {"$oid": ""}, "rental_request_date": "02/02/19", "rental_shipped_date": "02/02/19", "rental_returned_date": "02/09/19" }
{ "member_id": {"$oid": ""},"dvd_id": {"$oid": ""}, "rental_request_date": "02/02/19", "rental_shipped_date": "02/02/19", "rental_returned_date": "02/09/19" }
{ "member_id": {"$oid": ""},"dvd_id": {"$oid": ""}, "rental_request_date": "02/15/19", "rental_shipped_date": "02/15/19", "rental_returned_date": "" }
{ "member_id": {"$oid": ""},"dvd_id": {"$oid": ""}, "rental_request_date": "02/15/19", "rental_shipped_date": "02/15/19", "rental_returned_date": "" }
{ "member_id": {"$oid": ""},"dvd_id": {"$oid": ""}, "rental_request_date": "02/20/19", "rental_shipped_date": "02/21/19", "rental_returned_date": "" }
{ "member_id": {"$oid": ""},"dvd_id": {"$oid": ""}, "rental_request_date": "02/19/19", "rental_shipped_date": "02/19/19", "rental_returned_date": "" }
{ "member_id": {"$oid": ""},"dvd_id": {"$oid": ""}, "rental_request_date": "02/28/19", "rental_shipped_date": "", "rental_returned_date": "" }
{ "member_id": {"$oid": ""},"dvd_id": {"$oid": ""}, "rental_request_date": "02/12/19", "rental_shipped_date": "02/12/19", "rental_returned_date": "02/21/19" }